doc_id,title ,category,sub_category ,location ,description,content,source,tags
1,Kertha Gosa,kunjungan_wisata,obyek_wisata,"Jl. Kenanga No.11, Semarapura Kelod, Kec. Klungkung, Kabupaten Klungkung, Bali 80761",gak tau bang sudah malas,,Dispar Kelungkung,tidak ta 
2,Goa Lawah,kunjungan_wisata,obyek_wisata,,,,Dispar Kelungkung,
3,Nusa Penida ,kunjungan_wisata,obyek_wisata,,,,Dispar Kelungkung,
4,Lefi Rafting,kunjungan_wisata,obyek_wisata,,,,Dispar Kelungkung,
5,Taman Mumbul Sangeh,destinasi_wisata,Alam,,,,Google Maps / Manual,
6,Sangeh Monkey Forest,destinasi_wisata,Alam,,,,Google Maps / Manual,
7,Objek Wisata Sangeh,destinasi_wisata,Umum,,,,Google Maps / Manual,
8,Satria Gatotkaca Park,destinasi_wisata,Umum,,,,Google Maps / Manual,
9,Desa Wisata Penarungan,destinasi_wisata,Umum,,,,Google Maps / Manual,
10,Waterblow,destinasi_wisata,Alam,,,,Google Maps / Manual,
11,Pantai Mengening,destinasi_wisata,Rekreasi,,,,Google Maps / Manual,
12,Kawasan Pariwisata Nusa Dua,destinasi_wisata,Umum,,,,Google Maps / Manual,
13,Gunung Payung Cultural Park,destinasi_wisata,Budaya,,,,Google Maps / Manual,
14,Taman Anyar - Traditional Balinese House,destinasi_wisata,Budaya,,,,Google Maps / Manual,
15,Garuda Wisnu Kencana Cultural Park,destinasi_wisata,Budaya,,,,Google Maps / Manual,
16,Desa Wisata Munggu,destinasi_wisata,Umum,,,,Google Maps / Manual,
17,Taman Ayun Temple,destinasi_wisata,Budaya,,,,Google Maps / Manual,
18,Pantai Double - Six,destinasi_wisata,Rekreasi,,,,Google Maps / Manual,
19,Tanah Wuk,destinasi_wisata,Umum,,,,Google Maps / Manual,
20,Taman Sari Wisata Bahari,destinasi_wisata,Alam,,,,Google Maps / Manual,
21,Monumen Taman Mumbul,destinasi_wisata,Alam,,,,Google Maps / Manual,
22,Wana Segara Kertih,destinasi_wisata,Umum,,,,Google Maps / Manual,
23,Pura Geger Beach,destinasi_wisata,Budaya,,,,Google Maps / Manual,
24,DESA WISATA BONGKASA PERTIWI,destinasi_wisata,Umum,,,,Google Maps / Manual,
25,Gunung Payung Beach,destinasi_wisata,Rekreasi,,,,Google Maps / Manual,
26,Deluang Sari Turtle Conservation Center,destinasi_wisata,Alam,,,,Google Maps / Manual,
27,Rama Shinta Garden,destinasi_wisata,Umum,,,,Google Maps / Manual,
28,Alam Tirta Outbound,destinasi_wisata,Budaya,,,,Google Maps / Manual,
29,Bali Camel Adventure,destinasi_wisata,Umum,,,,Google Maps / Manual,
30,Marigold (Gumitir Garden),destinasi_wisata,Umum,,,,Google Maps / Manual,
31,Pantai Nyang Nyang,destinasi_wisata,Rekreasi,,,,Google Maps / Manual,
32,Obyek Wisata Goa Gajah,destinasi_wisata,Alam,,,,Google Maps / Manual,
33,Tempat Lomba Ogoh-Ogoh Badung,destinasi_wisata,Budaya,,,,Google Maps / Manual,
34,Beji Samuan Park,destinasi_wisata,Umum,,,,Google Maps / Manual,
35,Honeymoon in Bali,destinasi_wisata,Rekreasi,,,,Google Maps / Manual,
36,Desa Swing Bongkasa,destinasi_wisata,Rekreasi,,,,Google Maps / Manual,
37,Tebing Panorama Melasti Beach (Tebing Kembar),destinasi_wisata,Rekreasi,,,,Google Maps / Manual,
38,Tebing Pantai Balangan,destinasi_wisata,Rekreasi,,,,Google Maps / Manual,
39,Uluwatu Temple,destinasi_wisata,Budaya,,,,Google Maps / Manual,
40,Plaza Garuda - GWK Cultural Park,destinasi_wisata,Budaya,,,,Google Maps / Manual,
41,Perancak Beach,destinasi_wisata,Rekreasi,,,,Google Maps / Manual,
42,Seseh Beach,destinasi_wisata,Rekreasi,,,,Google Maps / Manual,
43,Pantai Mimpi Pondok Pemuda,destinasi_wisata,Rekreasi,,,,Google Maps / Manual,
44,Pantai Blue Point,destinasi_wisata,Rekreasi,,,,Google Maps / Manual,
45,The Sunset Ship Bali,destinasi_wisata,Umum,,,,Google Maps / Manual,
46,Daya Tarik Wisata Bedugul,destinasi_wisata,Alam,,,,Google Maps / Manual,
47,Tanah Lot,destinasi_wisata,Umum,,,,Google Maps / Manual,
48,Pantai Berawa,destinasi_wisata,Rekreasi,,,,Google Maps / Manual,
49,Pantai Jimbaran,destinasi_wisata,Rekreasi,,,,Google Maps / Manual,
50,Alas Kedaton,destinasi_wisata,Umum,,,,Google Maps / Manual,
51,Pantai Legian Bali,destinasi_wisata,Rekreasi,,,,Google Maps / Manual,
52,Grubugan Waterfall Sading,destinasi_wisata,Alam,,,,Google Maps / Manual,
53,Pura Puncak Mangu,destinasi_wisata,Budaya,,,,Google Maps / Manual,
54,Pantai Mesari,destinasi_wisata,Rekreasi,,,,Google Maps / Manual,
55,Pura Gede Luhur Batu Ngaus,destinasi_wisata,Budaya,,,,Google Maps / Manual,
56,Pantai Jerman,destinasi_wisata,Rekreasi,,,,Google Maps / Manual,
57,Taman Rekreasi Delta Dalung,destinasi_wisata,Alam,,,,Google Maps / Manual,
58,Kelan Beach,destinasi_wisata,Rekreasi,,,,Google Maps / Manual,
59,Taman desa Dalung,destinasi_wisata,Alam,,,,Google Maps / Manual,
60,Batu Belig Beach,destinasi_wisata,Rekreasi,,,,Google Maps / Manual,
61,Bukit Badung Lighthouse,destinasi_wisata,Umum,,,,Google Maps / Manual,
62,Sastra Bali Tour & Taxi,destinasi_wisata,Umum,,,,Google Maps / Manual,
63,Pura Pakendungan,destinasi_wisata,Budaya,,,,Google Maps / Manual,
64,Museum Pasifika Bali,destinasi_wisata,Budaya,,,,Google Maps / Manual,
65,Museum Yadnya,destinasi_wisata,Budaya,,,,Google Maps / Manual,
66,Sekeh Beach ( Airport Reef Bali ),destinasi_wisata,Rekreasi,,,,Google Maps / Manual,
67,Sempaning beach,destinasi_wisata,Rekreasi,,,,Google Maps / Manual,
68,Desa Wisata Pucak Tinggan,destinasi_wisata,Umum,,,,Google Maps / Manual,
69,Rockbottom bali,destinasi_wisata,Umum,,,,Google Maps / Manual,
70,Kedonganan,destinasi_wisata,Umum,,,,Google Maps / Manual,
71,Patung Triratna Amreta Bhuwana,destinasi_wisata,Umum,,,,Google Maps / Manual,
72,Taman Gili Dukuh,destinasi_wisata,Alam,,,,Google Maps / Manual,
73,Penglipuran Village,destinasi_wisata,Budaya,,,,Google Maps / Manual,
74,Tukad Cepung Waterfall,destinasi_wisata,Alam,,,,Google Maps / Manual,
75,Pengibul Waterfall,destinasi_wisata,Alam,,,,Google Maps / Manual,
76,Tibumana Waterfall,destinasi_wisata,Alam,,,,Google Maps / Manual,
77,Waterboom Sidembunut,destinasi_wisata,Umum,,,,Google Maps / Manual,
78,Mahapraja Bangli,destinasi_wisata,Umum,,,,Google Maps / Manual,
79,Langgahan Waterfalls,destinasi_wisata,Alam,,,,Google Maps / Manual,
80,Tukad Barong,destinasi_wisata,Budaya,,,,Google Maps / Manual,
81,Air Terjun Desa Kutuh Bangli,destinasi_wisata,Alam,,,,Google Maps / Manual,
82,Objek Wisata Penglipuran,destinasi_wisata,Budaya,,,,Google Maps / Manual,
83,Waterfall Bangkiang Djaran,destinasi_wisata,Alam,,,,Google Maps / Manual,
84,Pura Kehen,destinasi_wisata,Budaya,,,,Google Maps / Manual,
85,objek wisata seganing,destinasi_wisata,Umum,,,,Google Maps / Manual,
86,Lembah Pantunan,destinasi_wisata,Alam,,,,Google Maps / Manual,
87,Jembatan Kuning di Hutan Pinus,destinasi_wisata,Alam,,,,Google Maps / Manual,
88,Yeh Bulan waterfall,destinasi_wisata,Alam,,,,Google Maps / Manual,
89,Pelisan Waterfalls,destinasi_wisata,Alam,,,,Google Maps / Manual,
90,Pinggan Sunrise View Pohon Cinta,destinasi_wisata,Umum,,,,Google Maps / Manual,
91,La Fresa Kintamani,destinasi_wisata,Alam,,,,Google Maps / Manual,
92,Hutan Pinus Glagalinggah Lestari,destinasi_wisata,Alam,,,,Google Maps / Manual,
93,Sukawana Sunrise Spot,destinasi_wisata,Umum,,,,Google Maps / Manual,
94,Air Terjun Krisik,destinasi_wisata,Alam,,,,Google Maps / Manual,
95,Objek Wisata Tukad Batu Liuu,destinasi_wisata,Umum,,,,Google Maps / Manual,
96,Pura Puncak Penulisan,destinasi_wisata,Budaya,,,,Google Maps / Manual,
97,Dukuh Hill,destinasi_wisata,Umum,,,,Google Maps / Manual,
98,Pura Tirta Sudamala,destinasi_wisata,Budaya,,,,Google Maps / Manual,
99,Bukit Payang,destinasi_wisata,Umum,,,,Google Maps / Manual,
100,Danau Batur,destinasi_wisata,Alam,,,,Google Maps / Manual,
101,Mount Batur View Point,destinasi_wisata,Umum,,,,Google Maps / Manual,
102,Lava Tumuli Gunung Batur,destinasi_wisata,Alam,,,,Google Maps / Manual,
103,Pura Segara Ulun Danu Batur,destinasi_wisata,Budaya,,,,Google Maps / Manual,
104,BAS De ATAYANA,destinasi_wisata,Umum,,,,Google Maps / Manual,
105,Museum Geopark Batur,destinasi_wisata,Budaya,,,,Google Maps / Manual,
106,Krisik Waterfall,destinasi_wisata,Alam,,,,Google Maps / Manual,
107,Pura Dalem Balingkang,destinasi_wisata,Budaya,,,,Google Maps / Manual,
108,Objek Ekowisata Bukit Cemeng,destinasi_wisata,Umum,,,,Google Maps / Manual,
109,mata air segening,destinasi_wisata,Umum,,,,Google Maps / Manual,
110,Beniksu Strawberry Kintamani,destinasi_wisata,Alam,,,,Google Maps / Manual,
111,Tejataki Hill Pinggan,destinasi_wisata,Umum,,,,Google Maps / Manual,
112,Desa Wisata Pule,destinasi_wisata,Umum,,,,Google Maps / Manual,
113,Batur Sari Swing,destinasi_wisata,Rekreasi,,,,Google Maps / Manual,
114,Goa Raja Waterfall,destinasi_wisata,Alam,,,,Google Maps / Manual,
115,Bukit Trunyan Bali,destinasi_wisata,Umum,,,,Google Maps / Manual,
116,Pura Ulun Danu Bangli,destinasi_wisata,Budaya,,,,Google Maps / Manual,
117,Air Terjun Kuning,destinasi_wisata,Alam,,,,Google Maps / Manual,
118,Aling-Aling Waterfall,destinasi_wisata,Alam,,,,Google Maps / Manual,
119,Banjar Hot Spring,destinasi_wisata,Alam,,,,Google Maps / Manual,
120,Kroya Waterfall,destinasi_wisata,Alam,,,,Google Maps / Manual,
121,Melanting waterfall,destinasi_wisata,Alam,,,,Google Maps / Manual,
122,"Jembong Waterfall, Ambengan",destinasi_wisata,Alam,,,,Google Maps / Manual,
123,Puncak Wanagiri,destinasi_wisata,Umum,,,,Google Maps / Manual,
124,Air Terjun Tembok Barak,destinasi_wisata,Alam,,,,Google Maps / Manual,
125,Gitgit Waterfall,destinasi_wisata,Alam,,,,Google Maps / Manual,
126,Air Terjun Cinta,destinasi_wisata,Alam,,,,Google Maps / Manual,
127,Yeh Mampeh Waterfall,destinasi_wisata,Alam,,,,Google Maps / Manual,
128,Pantai Giri Emas,destinasi_wisata,Rekreasi,,,,Google Maps / Manual,
129,Air Terjun Bertingkat,destinasi_wisata,Alam,,,,Google Maps / Manual,
130,Banyumala Waterfall,destinasi_wisata,Alam,,,,Google Maps / Manual,
131,Princess Conservation Forum Menjangan,destinasi_wisata,Umum,,,,Google Maps / Manual,
132,Puri Agung Singaraja,destinasi_wisata,Budaya,,,,Google Maps / Manual,
133,Golden Valley Waterfalls,destinasi_wisata,Alam,,,,Google Maps / Manual,
134,Happy Beach Tukad Mungga,destinasi_wisata,Rekreasi,,,,Google Maps / Manual,
135,TWA Danau Buyan-Danau Tamblingan,destinasi_wisata,Alam,,,,Google Maps / Manual,
136,Air Terjun Colek Pamor,destinasi_wisata,Alam,,,,Google Maps / Manual,
137,Air Terjun Munduk,destinasi_wisata,Alam,,,,Google Maps / Manual,
138,Wisata Pantai penimbangan,destinasi_wisata,Rekreasi,,,,Google Maps / Manual,
139,Taman Kota Singaraja,destinasi_wisata,Alam,,,,Google Maps / Manual,
140,Wanagiri Hidden Hill Bali,destinasi_wisata,Umum,,,,Google Maps / Manual,
141,National Monument,destinasi_wisata,Budaya,,,,Google Maps / Manual,
142,Museum Buleleng (ᬫᬸᬲᬶᬬᬸᬫ᭄ ᬩᬸᬮᬾᬮᬾᬂ᭟ ),destinasi_wisata,Budaya,,,,Google Maps / Manual,
143,Pantai Karang Sewu,destinasi_wisata,Rekreasi,,,,Google Maps / Manual,
144,Daya Tarik Wisata Bedugul,destinasi_wisata,Alam,,,,Google Maps / Manual,
145,SEKUMPUL WATERFALL OFFICIAL (POST 1),destinasi_wisata,Alam,,,,Google Maps / Manual,
146,Bendungan Titab - Ularan,destinasi_wisata,Umum,,,,Google Maps / Manual,
147,Buyan Lake Nature Park - Lake Tamblingan,destinasi_wisata,Alam,,,,Google Maps / Manual,
148,"Kerobokan Beach, Singaraja",destinasi_wisata,Rekreasi,,,,Google Maps / Manual,
149,Banyuwedang Hotspring,destinasi_wisata,Umum,,,,Google Maps / Manual,
150,HIDDEN WATERFALL SEKUMPUL,destinasi_wisata,Alam,,,,Google Maps / Manual,
151,Wisata Dolphin Lovina,destinasi_wisata,Umum,,,,Google Maps / Manual,
152,Candi Budha Kalibukbuk,destinasi_wisata,Budaya,,,,Google Maps / Manual,
153,Harbour Tourist Area of Buleleng,destinasi_wisata,Umum,,,,Google Maps / Manual,
154,Pura Pabean,destinasi_wisata,Budaya,,,,Google Maps / Manual,
155,Air Terjun Cemara,destinasi_wisata,Alam,,,,Google Maps / Manual,
156,Pantai Umeanyar,destinasi_wisata,Rekreasi,,,,Google Maps / Manual,
157,Air Terjun Umejero,destinasi_wisata,Alam,,,,Google Maps / Manual,
158,Pantai Pemuteran Bali,destinasi_wisata,Rekreasi,,,,Google Maps / Manual,
159,Pantai Skip,destinasi_wisata,Rekreasi,,,,Google Maps / Manual,
160,Bukit Teletubies Kubutambahan,destinasi_wisata,Umum,,,,Google Maps / Manual,
161,Gedong Kirtya,destinasi_wisata,Umum,,,,Google Maps / Manual,
162,Permandian dan Tempat Melukat,destinasi_wisata,Budaya,,,,Google Maps / Manual,
163,Singsing Waterfall,destinasi_wisata,Alam,,,,Google Maps / Manual,
164,Air sanih natural spring,destinasi_wisata,Umum,,,,Google Maps / Manual,
165,Krisna Water Sports,destinasi_wisata,Umum,,,,Google Maps / Manual,
166,ᬧᬸᬭᬶᬓᬗᬶᬦᬦ᭄ᬩᬸᬮᬾᬮᬾᬂ᭟ Puri Kanginan Buleleng,destinasi_wisata,Budaya,,,,Google Maps / Manual,
167,PANTAI SERIRIT,destinasi_wisata,Rekreasi,,,,Google Maps / Manual,
168,Wanagiri Pucak Manik Waterfall,destinasi_wisata,Alam,,,,Google Maps / Manual,
169,Monumen Yudha Mandala Tama,destinasi_wisata,Umum,,,,Google Maps / Manual,
170,Wisata Kubu Abian Bagus,destinasi_wisata,Umum,,,,Google Maps / Manual,
171,Lemukih Waterfalls,destinasi_wisata,Alam,,,,Google Maps / Manual,
172,Pantai Pasir Putih Lovina,destinasi_wisata,Rekreasi,,,,Google Maps / Manual,
173,𝘁𝗲𝗹𝘂𝗸 𝗚𝗼𝗻𝗱𝗼𝗹,destinasi_wisata,Umum,,,,Google Maps / Manual,
174,Mayong Cultural Walk,destinasi_wisata,Umum,,,,Google Maps / Manual,
175,Wisata Monyet,destinasi_wisata,Umum,,,,Google Maps / Manual,
176,Grombong Waterfall,destinasi_wisata,Alam,,,,Google Maps / Manual,
177,National Park of Buleleng,destinasi_wisata,Umum,,,,Google Maps / Manual,
178,Pulaki Temple,destinasi_wisata,Budaya,,,,Google Maps / Manual,
179,Taman Bidadari,destinasi_wisata,Alam,,,,Google Maps / Manual,
180,Brahmavihara-Arama,destinasi_wisata,Umum,,,,Google Maps / Manual,
181,Air Terjun Padangbulia,destinasi_wisata,Alam,,,,Google Maps / Manual,
182,Bali Handara Gate,destinasi_wisata,Umum,,,,Google Maps / Manual,
183,Krisna Funtasticland,destinasi_wisata,Umum,,,,Google Maps / Manual,
184,Gerokgak Sunrise View Point,destinasi_wisata,Umum,,,,Google Maps / Manual,
185,Dermaga Cinta,destinasi_wisata,Umum,,,,Google Maps / Manual,
186,Holy Hot Spring,destinasi_wisata,Alam,,,,Google Maps / Manual,
187,Buyan Lake,destinasi_wisata,Alam,,,,Google Maps / Manual,
188,Santhipala Spring Waterfall,destinasi_wisata,Alam,,,,Google Maps / Manual,
189,Bukit Ganesha,destinasi_wisata,Umum,,,,Google Maps / Manual,
190,Pura Maduwe Karang,destinasi_wisata,Budaya,,,,Google Maps / Manual,
191,Pantai Tangguwisia Bali,destinasi_wisata,Rekreasi,,,,Google Maps / Manual,
192,Pancoran kedu,destinasi_wisata,Umum,,,,Google Maps / Manual,
193,West Bali National Park,destinasi_wisata,Umum,,,,Google Maps / Manual,
194,Air Terjun Carat,destinasi_wisata,Alam,,,,Google Maps / Manual,
195,Munduk Waterfalls Trekking Point,destinasi_wisata,Alam,,,,Google Maps / Manual,
196,Puncak Indah Bedugul,destinasi_wisata,Alam,,,,Google Maps / Manual,
197,Beji Sangsit Temple (Cultural Heritage & Public Temple),destinasi_wisata,Budaya,,,,Google Maps / Manual,
198,Jembatan Ex. Pelabuhan Buleleng,destinasi_wisata,Umum,,,,Google Maps / Manual,
199,Sunset Tembau,destinasi_wisata,Umum,,,,Google Maps / Manual,
200,Karang Rata Beach,destinasi_wisata,Rekreasi,,,,Google Maps / Manual,
201,Lovina Dolphin Watching,destinasi_wisata,Rekreasi,,,,Google Maps / Manual,
202,Puri Gede Buleleng,destinasi_wisata,Budaya,,,,Google Maps / Manual,
203,kubu hobbit pedawa,destinasi_wisata,Umum,,,,Google Maps / Manual,
204,Pura Melanting,destinasi_wisata,Budaya,,,,Google Maps / Manual,
205,MRX LOVINA BALI,destinasi_wisata,Umum,,,,Google Maps / Manual,
206,Red Coral Munduk Waterfall,destinasi_wisata,Alam,,,,Google Maps / Manual,
207,Twin Lake,destinasi_wisata,Alam,,,,Google Maps / Manual,
208,Gili Putih Sumberkima,destinasi_wisata,Umum,,,,Google Maps / Manual,
209,Gatep Lawas Ambengan,destinasi_wisata,Umum,,,,Google Maps / Manual,
210,Klenteng Ling Gwan Kiong,destinasi_wisata,Umum,,,,Google Maps / Manual,
211,Sambangan Village Tourist Information (Sambangan Secret Garden),destinasi_wisata,Umum,,,,Google Maps / Manual,
212,Pura Dalem Jagaraga Temple,destinasi_wisata,Budaya,,,,Google Maps / Manual,
213,Grokgak Dam,destinasi_wisata,Umum,,,,Google Maps / Manual,
214,Mesusun waterfall,destinasi_wisata,Alam,,,,Google Maps / Manual,
215,Pura Bukit Sinunggal,destinasi_wisata,Budaya,,,,Google Maps / Manual,
216,Aling Aling waterfall &jungle trekking,destinasi_wisata,Alam,,,,Google Maps / Manual,
217,Fiji Waterfall Lemukih,destinasi_wisata,Alam,,,,Google Maps / Manual,
218,Taman Bung Karno,destinasi_wisata,Alam,,,,Google Maps / Manual,
219,Pantai Tanjung Karang Patas (TKP),destinasi_wisata,Rekreasi,,,,Google Maps / Manual,
220,Wisata Petik Anggur Subur Makmur,destinasi_wisata,Umum,,,,Google Maps / Manual,
221,Pantai lokapaksa,destinasi_wisata,Rekreasi,,,,Google Maps / Manual,
222,Bukit Mende,destinasi_wisata,Umum,,,,Google Maps / Manual,
223,Lovina Beach,destinasi_wisata,Rekreasi,,,,Google Maps / Manual,
224,Pantai Penimbangan Timur Pura,destinasi_wisata,Budaya,,,,Google Maps / Manual,
225,Tugu Singa Ambara Raja,destinasi_wisata,Umum,,,,Google Maps / Manual,
226,Celuk Agung Beach Anturan,destinasi_wisata,Rekreasi,,,,Google Maps / Manual,
227,Lovina Dolphin Statue,destinasi_wisata,Umum,,,,Google Maps / Manual,
228,Air terjun yeh mampeh,destinasi_wisata,Alam,,,,Google Maps / Manual,
229,Gandameru,destinasi_wisata,Umum,,,,Google Maps / Manual,
230,Air Terjun Sumberkima,destinasi_wisata,Alam,,,,Google Maps / Manual,
231,Buyan Lake View,destinasi_wisata,Alam,,,,Google Maps / Manual,
232,Sekumpul Waterfall,destinasi_wisata,Alam,,,,Google Maps / Manual,
233,Kubu Ngurah Arsa アルサマヨン,destinasi_wisata,Umum,,,,Google Maps / Manual,
234,Krisna Eco Village,destinasi_wisata,Umum,,,,Google Maps / Manual,
235,Pura Batu Kursi,destinasi_wisata,Budaya,,,,Google Maps / Manual,
236,Kayoan dedari,destinasi_wisata,Umum,,,,Google Maps / Manual,
237,Monumen Perjuangan Tugu Tiga Singaraja,destinasi_wisata,Umum,,,,Google Maps / Manual,
238,Campuhan Ridge Walk,destinasi_wisata,Umum,,,,Google Maps / Manual,
239,Obyek Wisata Goa Gajah,destinasi_wisata,Alam,,,,Google Maps / Manual,
240,Kanto Lampo Waterfall,destinasi_wisata,Alam,,,,Google Maps / Manual,
241,Hidden Canyon Beji Guwang,destinasi_wisata,Umum,,,,Google Maps / Manual,
242,KISSIDAN ECO HILL RETREAT & RESTO,destinasi_wisata,Rekreasi,,,,Google Maps / Manual,
243,Tegal linggah Cliff Temple,destinasi_wisata,Budaya,,,,Google Maps / Manual,
244,Pada Wareg Eco Park,destinasi_wisata,Umum,,,,Google Maps / Manual,
245,Jembatan kaca Bali Tegenungan /Bali Glass Bridge Main entrance,destinasi_wisata,Alam,,,,Google Maps / Manual,
246,Taman Sari Waterfall & Natural pool,destinasi_wisata,Alam,,,,Google Maps / Manual,
247,"Lembah Bidadari, Tegallalang Gianyar",destinasi_wisata,Alam,,,,Google Maps / Manual,
248,Pura Tirta Empul,destinasi_wisata,Budaya,,,,Google Maps / Manual,
249,Bali Bird Park,destinasi_wisata,Alam,,,,Google Maps / Manual,
250,Siyut Beach,destinasi_wisata,Rekreasi,,,,Google Maps / Manual,
251,Taman Kota Ciung Wanara Gianyar,destinasi_wisata,Alam,,,,Google Maps / Manual,
252,Puri Agung Peliatan,destinasi_wisata,Budaya,,,,Google Maps / Manual,
253,Blangsinga Waterfall,destinasi_wisata,Alam,,,,Google Maps / Manual,
254,Suwat Waterfall,destinasi_wisata,Alam,,,,Google Maps / Manual,
255,Kemenuh Monkey River,destinasi_wisata,Umum,,,,Google Maps / Manual,
256,Goa Garba,destinasi_wisata,Alam,,,,Google Maps / Manual,
257,"Kemenuh Butterfly Park, Bali",destinasi_wisata,Alam,,,,Google Maps / Manual,
258,Sari Timbul Art Gallery,destinasi_wisata,Umum,,,,Google Maps / Manual,
259,Goa Rang Reng Waterfall,destinasi_wisata,Alam,,,,Google Maps / Manual,
260,Desa Wisata Sayan,destinasi_wisata,Umum,,,,Google Maps / Manual,
261,Kebun Raya Gianyar,destinasi_wisata,Umum,,,,Google Maps / Manual,
262,Masceti Beach,destinasi_wisata,Rekreasi,,,,Google Maps / Manual,
263,Subak Pulagan,destinasi_wisata,Alam,,,,Google Maps / Manual,
264,Ulu Petanu Waterfall,destinasi_wisata,Alam,,,,Google Maps / Manual,
265,Tegenungan Waterfall,destinasi_wisata,Alam,,,,Google Maps / Manual,
266,Bali Zoo,destinasi_wisata,Rekreasi,,,,Google Maps / Manual,
267,Pura Gunung Kawi Parking Lot,destinasi_wisata,Budaya,,,,Google Maps / Manual,
268,Blangsingah Glass Bridge,destinasi_wisata,Umum,,,,Google Maps / Manual,
269,Sangeh Monkey Forest,destinasi_wisata,Alam,,,,Google Maps / Manual,
270,Taman Sari Bebengan Bukit Jangkrik,destinasi_wisata,Alam,,,,Google Maps / Manual,
271,Ubud Palace,destinasi_wisata,Budaya,,,,Google Maps / Manual,
272,Pura Gunung Kawi Sebatu,destinasi_wisata,Budaya,,,,Google Maps / Manual,
273,Ubud Water Palace,destinasi_wisata,Budaya,,,,Google Maps / Manual,
274,Sari Timbul by Kubu Bali,destinasi_wisata,Umum,,,,Google Maps / Manual,
275,Desa Wisata Taro,destinasi_wisata,Umum,,,,Google Maps / Manual,
276,Agung Rai Museum of Art,destinasi_wisata,Budaya,,,,Google Maps / Manual,
277,Pont de Campuhan,destinasi_wisata,Umum,,,,Google Maps / Manual,
278,Jembatan Kuning,destinasi_wisata,Umum,,,,Google Maps / Manual,
279,Manuaba Waterfall,destinasi_wisata,Alam,,,,Google Maps / Manual,
280,Goa Gajah,destinasi_wisata,Alam,,,,Google Maps / Manual,
281,Istana Kepresidenan Tampaksiring,destinasi_wisata,Umum,,,,Google Maps / Manual,
282,Air Terjun Apit Aungan Pejeng,destinasi_wisata,Alam,,,,Google Maps / Manual,
283,Keramas Beach,destinasi_wisata,Rekreasi,,,,Google Maps / Manual,
284,Candi Tebing Kerobokan,destinasi_wisata,Budaya,,,,Google Maps / Manual,
285,Pura Mengening,destinasi_wisata,Budaya,,,,Google Maps / Manual,
286,Gembok cinta,destinasi_wisata,Umum,,,,Google Maps / Manual,
287,Ceking Rice Terrace,destinasi_wisata,Alam,,,,Google Maps / Manual,
288,Linggih Bali,destinasi_wisata,Umum,,,,Google Maps / Manual,
289,Mount Lebah Temple,destinasi_wisata,Budaya,,,,Google Maps / Manual,
290,Objek Wisata Sangeh,destinasi_wisata,Umum,,,,Google Maps / Manual,
291,Delodsema Traditional Village,destinasi_wisata,Budaya,,,,Google Maps / Manual,
292,Pura Kebo Edan,destinasi_wisata,Budaya,,,,Google Maps / Manual,
293,Ulu cangkir waterfall,destinasi_wisata,Alam,,,,Google Maps / Manual,
294,Museum Puri Lukisan,destinasi_wisata,Budaya,,,,Google Maps / Manual,
295,Pura Puseh Desa Batuan,destinasi_wisata,Budaya,,,,Google Maps / Manual,
296,Pura Dalem Agung Padangtegal,destinasi_wisata,Budaya,,,,Google Maps / Manual,
297,Tangkup Waterfall,destinasi_wisata,Alam,,,,Google Maps / Manual,
298,Temple Yeh Pulu,destinasi_wisata,Budaya,,,,Google Maps / Manual,
299,Tukad yeh bulan,destinasi_wisata,Umum,,,,Google Maps / Manual,
300,Temesi Waterfall,destinasi_wisata,Alam,,,,Google Maps / Manual,
301,Puri Langon Ubud,destinasi_wisata,Budaya,,,,Google Maps / Manual,
302,Desa wisata blangsinga ᬤᬰᬯᬶᬲᬢᬩ᭄ᬮᬗ᭄ᬲᬶᬗ᭟,destinasi_wisata,Umum,,,,Google Maps / Manual,
303,Petulu Heron Bird Colony Watch Point,destinasi_wisata,Alam,,,,Google Maps / Manual,
304,SUCEN WISATA TEGALLINGGAH,destinasi_wisata,Umum,,,,Google Maps / Manual,
305,Tirta Empul Temple Tour,destinasi_wisata,Budaya,,,,Google Maps / Manual,
306,Bali Bird Walks,destinasi_wisata,Alam,,,,Google Maps / Manual,
307,Desa Wisata Keramas,destinasi_wisata,Umum,,,,Google Maps / Manual,
308,Pegulingan Temple,destinasi_wisata,Budaya,,,,Google Maps / Manual,
309,Pura Agung Gunung Raung Taro,destinasi_wisata,Budaya,,,,Google Maps / Manual,
310,Uma Anyar Waterfall,destinasi_wisata,Alam,,,,Google Maps / Manual,
311,Alas Harum Bali,destinasi_wisata,Umum,,,,Google Maps / Manual,
312,The Amazing Taman Safari Bali,destinasi_wisata,Alam,,,,Google Maps / Manual,
313,Gulung Tikeh Natural Pool and Waterfall,destinasi_wisata,Alam,,,,Google Maps / Manual,
314,Yeh Pikat Waterfall,destinasi_wisata,Alam,,,,Google Maps / Manual,
315,Toya Selaka Waterfall,destinasi_wisata,Alam,,,,Google Maps / Manual,
316,Candi Tebing Gunung Kawi,destinasi_wisata,Budaya,,,,Google Maps / Manual,
317,Keramas Water Park,destinasi_wisata,Umum,,,,Google Maps / Manual,
318,Penestanan stairs,destinasi_wisata,Umum,,,,Google Maps / Manual,
319,Kemenuh Swimming Pool & Water Recreation,destinasi_wisata,Rekreasi,,,,Google Maps / Manual,
320,Taman Nusa,destinasi_wisata,Alam,,,,Google Maps / Manual,
321,BukitJangkrik Natural Water Swim,destinasi_wisata,Umum,,,,Google Maps / Manual,
322,Ricefields Tegallalang,destinasi_wisata,Umum,,,,Google Maps / Manual,
323,Bayad Waterfall,destinasi_wisata,Alam,,,,Google Maps / Manual,
324,Ricefields Tegalalang Real,destinasi_wisata,Umum,,,,Google Maps / Manual,
325,Bale Kulkul Bali,destinasi_wisata,Umum,,,,Google Maps / Manual,
326,Agro Wisata Tulikup,destinasi_wisata,Umum,,,,Google Maps / Manual,
327,Melayang Waterfall,destinasi_wisata,Alam,,,,Google Maps / Manual,
328,Leke Leke Waterfall,destinasi_wisata,Alam,,,,Google Maps / Manual,
329,BALI SWING,destinasi_wisata,Rekreasi,,,,Google Maps / Manual,
330,Relief Bebitra,destinasi_wisata,Umum,,,,Google Maps / Manual,
331,Green Gadjah Ubud Bali,destinasi_wisata,Umum,,,,Google Maps / Manual,
332,Pura Puncak Bukit Langkihan,destinasi_wisata,Budaya,,,,Google Maps / Manual,
333,Taman Mumbul Sangeh,destinasi_wisata,Alam,,,,Google Maps / Manual,
334,Beji Samuan Park,destinasi_wisata,Umum,,,,Google Maps / Manual,
335,Batu Belah Waterfall,destinasi_wisata,Alam,,,,Google Maps / Manual,
336,Kedisan Palace,destinasi_wisata,Budaya,,,,Google Maps / Manual,
337,U Fun Field,destinasi_wisata,Umum,,,,Google Maps / Manual,
338,Paras Petanu Ground village,destinasi_wisata,Umum,,,,Google Maps / Manual,
339,Pura Kahyangan Jagat Bukit Dharma Durga Kutri,destinasi_wisata,Budaya,,,,Google Maps / Manual,
340,Mancingan Rice Terrace Bali,destinasi_wisata,Alam,,,,Google Maps / Manual,
341,Rimba Garden,destinasi_wisata,Umum,,,,Google Maps / Manual,
342,AIR TERJUN LAYANA,destinasi_wisata,Alam,,,,Google Maps / Manual,
343,Pura Penataran Sasih,destinasi_wisata,Budaya,,,,Google Maps / Manual,
344,Pura Samuan Tiga,destinasi_wisata,Budaya,,,,Google Maps / Manual,
345,Pantai Segara Wilis,destinasi_wisata,Rekreasi,,,,Google Maps / Manual,
346,Setia Darma House of Mask and Puppets,destinasi_wisata,Umum,,,,Google Maps / Manual,
347,Ubud Dalem Temple,destinasi_wisata,Budaya,,,,Google Maps / Manual,
348,MADU AMERTA BHUANA,destinasi_wisata,Umum,,,,Google Maps / Manual,
349,Monkey Forest,destinasi_wisata,Alam,,,,Google Maps / Manual,
350,Pura Dalem Sidan,destinasi_wisata,Budaya,,,,Google Maps / Manual,
351,Jasan Waterfall,destinasi_wisata,Alam,,,,Google Maps / Manual,
352,Ubud Rafting,destinasi_wisata,Rekreasi,,,,Google Maps / Manual,
353,Sukawati Art Market,destinasi_wisata,Umum,,,,Google Maps / Manual,
354,Pejeng kawan village,destinasi_wisata,Umum,,,,Google Maps / Manual,
355,Jambe Asri Agrotourism,destinasi_wisata,Umum,,,,Google Maps / Manual,
356,Abian Desa Rice Terrace,destinasi_wisata,Alam,,,,Google Maps / Manual,
357,Nature Tourism Green Cliff,destinasi_wisata,Alam,,,,Google Maps / Manual,
358,Wisata Puncak JR Jembrana Bali,destinasi_wisata,Umum,,,,Google Maps / Manual,
359,Air Terjun Juwuk Manis,destinasi_wisata,Alam,,,,Google Maps / Manual,
360,Pantai Candikusuma,destinasi_wisata,Rekreasi,,,,Google Maps / Manual,
361,Roses peak Jembrana Bali,destinasi_wisata,Umum,,,,Google Maps / Manual,
362,Wisata,destinasi_wisata,Umum,,,,Google Maps / Manual,
363,Taman Pecangakan - Negara,destinasi_wisata,Alam,,,,Google Maps / Manual,
364,Bunut Bolong,destinasi_wisata,Umum,,,,Google Maps / Manual,
365,Bendungan Palasari,destinasi_wisata,Umum,,,,Google Maps / Manual,
366,Wisata Gelar River,destinasi_wisata,Umum,,,,Google Maps / Manual,
367,Bendungan Benel,destinasi_wisata,Umum,,,,Google Maps / Manual,
368,Pantai Pebuahan,destinasi_wisata,Rekreasi,,,,Google Maps / Manual,
369,Rest Area Pantai Yeh Leh,destinasi_wisata,Rekreasi,,,,Google Maps / Manual,
370,Pantai Perancak,destinasi_wisata,Rekreasi,,,,Google Maps / Manual,
371,MAKAM WALI BALI 7(PITU),destinasi_wisata,Umum,,,,Google Maps / Manual,
372,Pura Jagatnatha Jembrana,destinasi_wisata,Budaya,,,,Google Maps / Manual,
373,Secret Bay,destinasi_wisata,Umum,,,,Google Maps / Manual,
374,Air Terjun Yeh Buah,destinasi_wisata,Alam,,,,Google Maps / Manual,
375,Pantai Pekutatan,destinasi_wisata,Rekreasi,,,,Google Maps / Manual,
376,Taman Siwa,destinasi_wisata,Alam,,,,Google Maps / Manual,
377,objek wisata gelar,destinasi_wisata,Umum,,,,Google Maps / Manual,
378,Alas Utama Medewi (AUM),destinasi_wisata,Umum,,,,Google Maps / Manual,
379,Batu Belah,destinasi_wisata,Umum,,,,Google Maps / Manual,
380,Pantai Tembles,destinasi_wisata,Rekreasi,,,,Google Maps / Manual,
381,Karang Impian Beach,destinasi_wisata,Rekreasi,,,,Google Maps / Manual,
382,Kampoeng Palarejo Selfie Spot Jembrana,destinasi_wisata,Umum,,,,Google Maps / Manual,
383,Cupel Beach,destinasi_wisata,Rekreasi,,,,Google Maps / Manual,
384,"Agrowisata Munduk Nangka Desa Berangbang, Tangimeyeh",destinasi_wisata,Umum,,,,Google Maps / Manual,
385,GREEN HILL BALI,destinasi_wisata,Umum,,,,Google Maps / Manual,
386,Perancak Sunset Point,destinasi_wisata,Umum,,,,Google Maps / Manual,
387,Gedung Kesenian Dr Ir Soekarno,destinasi_wisata,Umum,,,,Google Maps / Manual,
388,D'ABIANsy waterpark,destinasi_wisata,Umum,,,,Google Maps / Manual,
389,Sidi Tapa Waterfall,destinasi_wisata,Alam,,,,Google Maps / Manual,
390,Rambut Siwi Temple,destinasi_wisata,Budaya,,,,Google Maps / Manual,
391,Monumen Operasi Lintas Laut Jawa - Bali,destinasi_wisata,Umum,,,,Google Maps / Manual,
392,Desa Wisata PALASARI,destinasi_wisata,Umum,,,,Google Maps / Manual,
393,Kampung Coklat jembrana,destinasi_wisata,Umum,,,,Google Maps / Manual,
394,Taman Prasasti,destinasi_wisata,Budaya,,,,Google Maps / Manual,
395,Ambenan Ijo Gading,destinasi_wisata,Umum,,,,Google Maps / Manual,
396,Mecha Sunset View,destinasi_wisata,Umum,,,,Google Maps / Manual,
397,Pura Jati Jembrana,destinasi_wisata,Budaya,,,,Google Maps / Manual,
398,Melaya Beach,destinasi_wisata,Rekreasi,,,,Google Maps / Manual,
399,Nirwana Garden Bali,destinasi_wisata,Umum,,,,Google Maps / Manual,
400,ᬤᬸᬲᬸᬦ᭄ᬲᭂᬜ᭄ᬚ᭟ Dusun Senja,destinasi_wisata,Umum,,,,Google Maps / Manual,
401,Negara Palace,destinasi_wisata,Budaya,,,,Google Maps / Manual,
402,"Pantai Karangsewu, Balai Taman Nasional Bali Barat",destinasi_wisata,Rekreasi,,,,Google Maps / Manual,
403,Tibu boni tempat permandian alami,destinasi_wisata,Alam,,,,Google Maps / Manual,
404,Air Terjun Kayangan Sawe,destinasi_wisata,Alam,,,,Google Maps / Manual,
405,Pulukan Beach,destinasi_wisata,Rekreasi,,,,Google Maps / Manual,
406,Ekowisata Tracking Mangrove,destinasi_wisata,Alam,,,,Google Maps / Manual,
407,PutriMas Collection,destinasi_wisata,Umum,,,,Google Maps / Manual,
408,PUNCAK TIRTA hidden gems,destinasi_wisata,Budaya,,,,Google Maps / Manual,
409,Pengambengan Sunset View,destinasi_wisata,Umum,,,,Google Maps / Manual,
410,Pantai Cupel 1,destinasi_wisata,Rekreasi,,,,Google Maps / Manual,
411,Museum Manusia Purba Gilimanuk,destinasi_wisata,Budaya,,,,Google Maps / Manual,
412,Pura Sumur Kembar,destinasi_wisata,Budaya,,,,Google Maps / Manual,
413,Pantai Baluk Rening,destinasi_wisata,Rekreasi,,,,Google Maps / Manual,
414,Negara Banana Garden,destinasi_wisata,Umum,,,,Google Maps / Manual,
415,Taman Sangkur,destinasi_wisata,Alam,,,,Google Maps / Manual,
416,Air Terjun Grojogan Yehembang Kauh (entrance),destinasi_wisata,Alam,,,,Google Maps / Manual,
417,Pura Perancak,destinasi_wisata,Budaya,,,,Google Maps / Manual,
418,Mantu Cager (Manistutu Camping Ground),destinasi_wisata,Alam,,,,Google Maps / Manual,
419,Monumen Pendaratan I Gusti Ngurah Rai,destinasi_wisata,Umum,,,,Google Maps / Manual,
420,Taman Makam Pahlawan,destinasi_wisata,Alam,,,,Google Maps / Manual,
421,ᬕ᭄ᬭᭀᬚᭀᬕᬦ᭄᭟ Grojogan waterfall,destinasi_wisata,Alam,,,,Google Maps / Manual,
422,Taman Ujung,destinasi_wisata,Alam,,,,Google Maps / Manual,
423,Tirta Gangga,destinasi_wisata,Budaya,,,,Google Maps / Manual,
424,Puri Agung Karangasem,destinasi_wisata,Budaya,,,,Google Maps / Manual,
425,Taman Edelweis Bali,destinasi_wisata,Alam,,,,Google Maps / Manual,
426,Pantai Jasri,destinasi_wisata,Rekreasi,,,,Google Maps / Manual,
427,Bukit Cinta,destinasi_wisata,Umum,,,,Google Maps / Manual,
428,Telaga Surya,destinasi_wisata,Umum,,,,Google Maps / Manual,
429,Bukit Guungan,destinasi_wisata,Umum,,,,Google Maps / Manual,
430,Bukit Asah Desa Bugbug,destinasi_wisata,Umum,,,,Google Maps / Manual,
431,Pancoran Pengelukatan Sapta Gangga,destinasi_wisata,Umum,,,,Google Maps / Manual,
432,Bukit Putung,destinasi_wisata,Umum,,,,Google Maps / Manual,
433,Waterfall Air Terjun Jagasatru,destinasi_wisata,Alam,,,,Google Maps / Manual,
434,Air Terjun Yeh Labuh Waterfall,destinasi_wisata,Alam,,,,Google Maps / Manual,
435,Bukit surga,destinasi_wisata,Umum,,,,Google Maps / Manual,
436,Lahangan Sweet,destinasi_wisata,Umum,,,,Google Maps / Manual,
437,Pemandian Tirta Ujung,destinasi_wisata,Budaya,,,,Google Maps / Manual,
438,"Pantai Bugbug, Manggis, Karangasem",destinasi_wisata,Rekreasi,,,,Google Maps / Manual,
439,Jembatan Kuning Tukad Yeh Unda,destinasi_wisata,Umum,,,,Google Maps / Manual,
440,Desa Wisata Timbrah,destinasi_wisata,Umum,,,,Google Maps / Manual,
441,"Lotus Lagoon, Candidasa, Karangasem",destinasi_wisata,Umum,,,,Google Maps / Manual,
442,Pantai Yeh Malet,destinasi_wisata,Rekreasi,,,,Google Maps / Manual,
443,Pantai Pasir Hitam,destinasi_wisata,Rekreasi,,,,Google Maps / Manual,
444,Danau Yeh Malet,destinasi_wisata,Alam,,,,Google Maps / Manual,
445,Savana Tianyar,destinasi_wisata,Umum,,,,Google Maps / Manual,
446,Candidasa Lotus Lagoon,destinasi_wisata,Umum,,,,Google Maps / Manual,
447,Pantai Prasi,destinasi_wisata,Rekreasi,,,,Google Maps / Manual,
448,Bali Countryside Sidemen,destinasi_wisata,Umum,,,,Google Maps / Manual,
449,Savana Nusu,destinasi_wisata,Umum,,,,Google Maps / Manual,
450,Virgin Beach,destinasi_wisata,Rekreasi,,,,Google Maps / Manual,
451,Bukit Asah Bali - Tempat Camping di Bali,destinasi_wisata,Alam,,,,Google Maps / Manual,
452,Puncak Gunung Agung Bali,destinasi_wisata,Alam,,,,Google Maps / Manual,
453,Bendungan Yeh Unda Hulu,destinasi_wisata,Umum,,,,Google Maps / Manual,
454,Besakih Great Temple,destinasi_wisata,Budaya,,,,Google Maps / Manual,
455,Yeh abian,destinasi_wisata,Umum,,,,Google Maps / Manual,
456,Gunung Agung,destinasi_wisata,Alam,,,,Google Maps / Manual,
457,Pantai Wates Karangasem,destinasi_wisata,Rekreasi,,,,Google Maps / Manual,
458,Di kaki Gunung Agung,destinasi_wisata,Alam,,,,Google Maps / Manual,
459,PANGI karangasem,destinasi_wisata,Umum,,,,Google Maps / Manual,
460,Pantai Labuan Jelung,destinasi_wisata,Rekreasi,,,,Google Maps / Manual,
461,Agrowisata Abian Salak,destinasi_wisata,Umum,,,,Google Maps / Manual,
462,Pantai Peselatan,destinasi_wisata,Rekreasi,,,,Google Maps / Manual,
463,Bali Chocolate Factory,destinasi_wisata,Umum,,,,Google Maps / Manual,
464,Ketut's Hideaway,destinasi_wisata,Umum,,,,Google Maps / Manual,
465,Lipah Beach,destinasi_wisata,Rekreasi,,,,Google Maps / Manual,
466,Pantai Tanah Ampo,destinasi_wisata,Rekreasi,,,,Google Maps / Manual,
467,Telaga Waja Waterfall,destinasi_wisata,Alam,,,,Google Maps / Manual,
468,Jemeluk Bay snorkelling spot,destinasi_wisata,Umum,,,,Google Maps / Manual,
469,Bukit cemara,destinasi_wisata,Umum,,,,Google Maps / Manual,
470,Pantai Melasti Amed,destinasi_wisata,Rekreasi,,,,Google Maps / Manual,
471,Pantai Taman Ujung,destinasi_wisata,Rekreasi,,,,Google Maps / Manual,
472,Destinasi Karangasem,destinasi_wisata,Umum,,,,Google Maps / Manual,
473,Padang Bunga Kasna,destinasi_wisata,Umum,,,,Google Maps / Manual,
474,Bukit Asmara,destinasi_wisata,Umum,,,,Google Maps / Manual,
475,Aquamarine Beach,destinasi_wisata,Rekreasi,,,,Google Maps / Manual,
476,Royal Palace on the Water,destinasi_wisata,Budaya,,,,Google Maps / Manual,
477,Pelabuhan Amuk,destinasi_wisata,Umum,,,,Google Maps / Manual,
478,"Wisata LOD BUAH. Sideman-Karangasem, Bali",destinasi_wisata,Umum,,,,Google Maps / Manual,
479,Hidden View Lempuyang,destinasi_wisata,Umum,,,,Google Maps / Manual,
480,Utari Garden,destinasi_wisata,Umum,,,,Google Maps / Manual,
481,Pantai Bulakan,destinasi_wisata,Rekreasi,,,,Google Maps / Manual,
482,Penataran Agung Lempuyang Temple,destinasi_wisata,Budaya,,,,Google Maps / Manual,
483,Pura Pasar Agung Sebudi,destinasi_wisata,Budaya,,,,Google Maps / Manual,
484,Cungkube,destinasi_wisata,Umum,,,,Google Maps / Manual,
485,Wates Yeh Malet Beach,destinasi_wisata,Rekreasi,,,,Google Maps / Manual,
486,Sawah Agung,destinasi_wisata,Alam,,,,Google Maps / Manual,
487,"Sunrise Pantai Ujung Pesisi, Karangasem. Bali",destinasi_wisata,Rekreasi,,,,Google Maps / Manual,
488,Mata Air Asam,destinasi_wisata,Umum,,,,Google Maps / Manual,
489,Telabah Lantang Desa Muncan,destinasi_wisata,Umum,,,,Google Maps / Manual,
490,Bayu Beach Bali. Bebayu,destinasi_wisata,Rekreasi,,,,Google Maps / Manual,
491,Pantai Baturinggit,destinasi_wisata,Rekreasi,,,,Google Maps / Manual,
492,Pantai Belatung,destinasi_wisata,Rekreasi,,,,Google Maps / Manual,
493,EMBUNG DATAH II,destinasi_wisata,Umum,,,,Google Maps / Manual,
494,DARYA SIDEMEN TREKKING,destinasi_wisata,Alam,,,,Google Maps / Manual,
495,Snorkeling Blue Lagoon Amuk bay,destinasi_wisata,Umum,,,,Google Maps / Manual,
496,Bukit Dap Dap,destinasi_wisata,Umum,,,,Google Maps / Manual,
497,West Garden Pangi,destinasi_wisata,Umum,,,,Google Maps / Manual,
498,Tukad Cepung Waterfall,destinasi_wisata,Alam,,,,Google Maps / Manual,
499,Sidemen Swing,destinasi_wisata,Rekreasi,,,,Google Maps / Manual,
500,Hidden Green Kayoan,destinasi_wisata,Umum,,,,Google Maps / Manual,
501,Pantai Bangklangan Perasi,destinasi_wisata,Rekreasi,,,,Google Maps / Manual,
502,Bukit Bulgari,destinasi_wisata,Umum,,,,Google Maps / Manual,
503,KENCANA RIVER SIDE,destinasi_wisata,Umum,,,,Google Maps / Manual,
504,Obyek Wisata Batu Belah Antiga,destinasi_wisata,Umum,,,,Google Maps / Manual,
505,Pondok Bukit Samuh,destinasi_wisata,Umum,,,,Google Maps / Manual,
506,"Pondok GunGGunG - Socio, Art, Cultural & Natural Creative Hub",destinasi_wisata,Umum,,,,Google Maps / Manual,
507,Avatar Rafting,destinasi_wisata,Rekreasi,,,,Google Maps / Manual,
508,KAK NEMO SNORKELING,destinasi_wisata,Umum,,,,Google Maps / Manual,
509,Rumah Capung,destinasi_wisata,Umum,,,,Google Maps / Manual,
510,Munduk Cinta Tulamben,destinasi_wisata,Umum,,,,Google Maps / Manual,
511,Jro Mangku Pasek Tohjiwa MPTH,destinasi_wisata,Umum,,,,Google Maps / Manual,
512,Seraya Secrets,destinasi_wisata,Umum,,,,Google Maps / Manual,
513,"Virgin Beach, Karangasem, Bali",destinasi_wisata,Rekreasi,,,,Google Maps / Manual,
514,Taman Budaya Candra Buana,destinasi_wisata,Alam,,,,Google Maps / Manual,
515,AMED SELFIE,destinasi_wisata,Umum,,,,Google Maps / Manual,
516,Gantalan poin,destinasi_wisata,Umum,,,,Google Maps / Manual,
517,Jembatan Bukit Avatar,destinasi_wisata,Umum,,,,Google Maps / Manual,
518,Bendungan Kastala,destinasi_wisata,Umum,,,,Google Maps / Manual,
519,bukit asah,destinasi_wisata,Umum,,,,Google Maps / Manual,
520,Kantor Wisata Dukuh Lestari,destinasi_wisata,Umum,,,,Google Maps / Manual,
521,Pasraman Jiwan Mukti Muntigunung,destinasi_wisata,Umum,,,,Google Maps / Manual,
522,Wanna Sunrise volcano & rice view,destinasi_wisata,Alam,,,,Google Maps / Manual,
523,"Padang Savana Tianyar, Karangasem",destinasi_wisata,Umum,,,,Google Maps / Manual,
524,"Bendung Irigasi Bajing, Sidemen Karangasem",destinasi_wisata,Umum,,,,Google Maps / Manual,
525,Amed snorkeling center,destinasi_wisata,Umum,,,,Google Maps / Manual,
526,Pura Pengubengan,destinasi_wisata,Budaya,,,,Google Maps / Manual,
527,Pura Manik Kembar (Kahyangan Jagat),destinasi_wisata,Budaya,,,,Google Maps / Manual,
528,Pura Peninjoan,destinasi_wisata,Budaya,,,,Google Maps / Manual,
529,Bukit Kembang Sari,destinasi_wisata,Umum,,,,Google Maps / Manual,
530,Pura Manik Mas,destinasi_wisata,Budaya,,,,Google Maps / Manual,
531,Pura Gelap Besakih,destinasi_wisata,Budaya,,,,Google Maps / Manual,
532,Mimba Black Beach,destinasi_wisata,Rekreasi,,,,Google Maps / Manual,
533,Pura Batu Belah,destinasi_wisata,Budaya,,,,Google Maps / Manual,
534,Maha Gangga Valley,destinasi_wisata,Alam,,,,Google Maps / Manual,
535,USAT Liberty Wreck,destinasi_wisata,Umum,,,,Google Maps / Manual,
536,Pesona Munduk Ngandang,destinasi_wisata,Umum,,,,Google Maps / Manual,
537,Pura Candidasa,destinasi_wisata,Budaya,,,,Google Maps / Manual,
538,Pemandian Umum Tukad Arca,destinasi_wisata,Umum,,,,Google Maps / Manual,
539,Dekwar Local Guide Mount Agung Trekking Bali,destinasi_wisata,Alam,,,,Google Maps / Manual,
540,Pratiksha and Pranjal point,destinasi_wisata,Umum,,,,Google Maps / Manual,
541,Angel Lagoon Tour - Snorkeling Fishing & Cooking in Amed,destinasi_wisata,Rekreasi,,,,Google Maps / Manual,
542,Kertha Gosa Park,destinasi_wisata,Umum,,,,Google Maps / Manual,
543,Kali Unda,destinasi_wisata,Umum,,,,Google Maps / Manual,
544,Tirai Air Terjun Tukad Unda,destinasi_wisata,Alam,,,,Google Maps / Manual,
545,Puri Agung Klungkung,destinasi_wisata,Budaya,,,,Google Maps / Manual,
546,Bukit Belong,destinasi_wisata,Umum,,,,Google Maps / Manual,
547,Goa Jepang Klungkung,destinasi_wisata,Alam,,,,Google Maps / Manual,
548,Wisata Tirta Srinadi,destinasi_wisata,Budaya,,,,Google Maps / Manual,
549,Lapangan Puputan Klungkung,destinasi_wisata,Umum,,,,Google Maps / Manual,
550,Puputan Klungkung monument,destinasi_wisata,Budaya,,,,Google Maps / Manual,
551,Pantai Batu Tumpeng,destinasi_wisata,Rekreasi,,,,Google Maps / Manual,
552,Seganing spring,destinasi_wisata,Umum,,,,Google Maps / Manual,
553,DESA WISATA BAKAS,destinasi_wisata,Umum,,,,Google Maps / Manual,
554,Bendungan Tukad Yeh Unda,destinasi_wisata,Umum,,,,Google Maps / Manual,
555,The Tadah Uwuk Waterfall and Canyon view,destinasi_wisata,Alam,,,,Google Maps / Manual,
556,Atuh King Five Nusa Penida,destinasi_wisata,Umum,,,,Google Maps / Manual,
557,Pantai Goa Lawah (Timur Pura - Rest Area),destinasi_wisata,Budaya,,,,Google Maps / Manual,
558,Lumangan Beach,destinasi_wisata,Rekreasi,,,,Google Maps / Manual,
559,Diamond Beach,destinasi_wisata,Rekreasi,,,,Google Maps / Manual,
560,Aan Secret Waterfall,destinasi_wisata,Alam,,,,Google Maps / Manual,
561,Bukit Tengah,destinasi_wisata,Umum,,,,Google Maps / Manual,
562,Klungkung Royal Palace,destinasi_wisata,Budaya,,,,Google Maps / Manual,
563,Banah Cliff Point,destinasi_wisata,Alam,,,,Google Maps / Manual,
564,Crystal Bay Beach,destinasi_wisata,Rekreasi,,,,Google Maps / Manual,
565,Pantai Klotok Klungkung,destinasi_wisata,Rekreasi,,,,Google Maps / Manual,
566,Pura Watu Klotok,destinasi_wisata,Budaya,,,,Google Maps / Manual,
567,Melangit Bali Adventure,destinasi_wisata,Umum,,,,Google Maps / Manual,
568,Tourism Village Kamasan,destinasi_wisata,Umum,,,,Google Maps / Manual,
569,Tegehan waterfall,destinasi_wisata,Alam,,,,Google Maps / Manual,
570,Goa Lawah Temple,destinasi_wisata,Budaya,,,,Google Maps / Manual,
571,Broken Beach,destinasi_wisata,Rekreasi,,,,Google Maps / Manual,
572,Saren Cliff Point,destinasi_wisata,Alam,,,,Google Maps / Manual,
573,Pura Puncak Mundi,destinasi_wisata,Budaya,,,,Google Maps / Manual,
574,Teletubbies Hill,destinasi_wisata,Umum,,,,Google Maps / Manual,
575,Penglukatan Pura Tirta Suranadi,destinasi_wisata,Budaya,,,,Google Maps / Manual,
576,Taman Kota Klungkung,destinasi_wisata,Alam,,,,Google Maps / Manual,
577,Pantai Sedayu,destinasi_wisata,Rekreasi,,,,Google Maps / Manual,
578,Wisata Bukit,destinasi_wisata,Umum,,,,Google Maps / Manual,
579,Devil's Tears,destinasi_wisata,Umum,,,,Google Maps / Manual,
580,Paluang Cliff,destinasi_wisata,Alam,,,,Google Maps / Manual,
581,Angel's Billabong,destinasi_wisata,Umum,,,,Google Maps / Manual,
582,Celek-celek Waterfall,destinasi_wisata,Alam,,,,Google Maps / Manual,
583,Tembeling Beach and Forest,destinasi_wisata,Rekreasi,,,,Google Maps / Manual,
584,Guyangan Waterfall Nusa Penida,destinasi_wisata,Alam,,,,Google Maps / Manual,
585,Tukad Tista,destinasi_wisata,Umum,,,,Google Maps / Manual,
586,Wisata Warna Warni Kampung islam gelgel,destinasi_wisata,Umum,,,,Google Maps / Manual,
587,pantai Diamond pelilit,destinasi_wisata,Rekreasi,,,,Google Maps / Manual,
588,Gamat Bay,destinasi_wisata,Umum,,,,Google Maps / Manual,
589,Pantai Kp Kusamba,destinasi_wisata,Rekreasi,,,,Google Maps / Manual,
590,Blue Lagoon Nusa Ceningan,destinasi_wisata,Umum,,,,Google Maps / Manual,
591,"Pantai Monggalan, Klungkung",destinasi_wisata,Rekreasi,,,,Google Maps / Manual,
592,Kawasan Wisata Desa Romantic Hill,destinasi_wisata,Umum,,,,Google Maps / Manual,
593,Bali Butterfly Park,destinasi_wisata,Alam,,,,Google Maps / Manual,
594,Alas Kedaton,destinasi_wisata,Umum,,,,Google Maps / Manual,
595,Leke Leke Waterfall,destinasi_wisata,Alam,,,,Google Maps / Manual,
596,Wisata Kayu Putih,destinasi_wisata,Umum,,,,Google Maps / Manual,
597,DESA WISATA PINGE,destinasi_wisata,Umum,,,,Google Maps / Manual,
598,Puri Agung Kerambitan,destinasi_wisata,Budaya,,,,Google Maps / Manual,
599,Air Terjun Blemantung,destinasi_wisata,Alam,,,,Google Maps / Manual,
600,Wahana Wisata Sambhrama Ashram,destinasi_wisata,Umum,,,,Google Maps / Manual,
601,Tanah Lot,destinasi_wisata,Umum,,,,Google Maps / Manual,
602,Desa Coklat Bali,destinasi_wisata,Umum,,,,Google Maps / Manual,
603,The Blooms Garden,destinasi_wisata,Umum,,,,Google Maps / Manual,
604,Daya Tarik Wisata Bedugul,destinasi_wisata,Alam,,,,Google Maps / Manual,
605,Puri Anyar Royal Palace Kerambitan,destinasi_wisata,Budaya,,,,Google Maps / Manual,
606,Pantai Kelecung,destinasi_wisata,Rekreasi,,,,Google Maps / Manual,
607,Blahmantung Waterfall,destinasi_wisata,Alam,,,,Google Maps / Manual,
608,Desa Wisata Tajen,destinasi_wisata,Umum,,,,Google Maps / Manual,
609,Tabanan Anom Palace,destinasi_wisata,Budaya,,,,Google Maps / Manual,
610,Wisata Grembengan,destinasi_wisata,Umum,,,,Google Maps / Manual,
611,Air Panas Angseri,destinasi_wisata,Umum,,,,Google Maps / Manual,
612,Bali Botanical Garden,destinasi_wisata,Alam,,,,Google Maps / Manual,
613,Sing Sing Angin Waterfall,destinasi_wisata,Alam,,,,Google Maps / Manual,
614,Ulun Danu Beratan Temple,destinasi_wisata,Budaya,,,,Google Maps / Manual,
615,Pantai Selabih,destinasi_wisata,Rekreasi,,,,Google Maps / Manual,
616,Air Terjun Yeh Hoo,destinasi_wisata,Alam,,,,Google Maps / Manual,
617,The SILA'S Agrotourism,destinasi_wisata,Umum,,,,Google Maps / Manual,
618,Sunset Beach Tanah Lot,destinasi_wisata,Rekreasi,,,,Google Maps / Manual,
619,Subak Piak,destinasi_wisata,Alam,,,,Google Maps / Manual,
620,Kelating Beach,destinasi_wisata,Rekreasi,,,,Google Maps / Manual,
621,Secret Garden Village,destinasi_wisata,Umum,,,,Google Maps / Manual,
622,Jatiluwih Rice Terraces,destinasi_wisata,Alam,,,,Google Maps / Manual,
623,Pengempu Waterfall,destinasi_wisata,Alam,,,,Google Maps / Manual,
624,Belulang Hot Springs,destinasi_wisata,Alam,,,,Google Maps / Manual,
625,Desa Wisata Kaba-Kaba,destinasi_wisata,Umum,,,,Google Maps / Manual,
626,Pantai Nyanyi,destinasi_wisata,Rekreasi,,,,Google Maps / Manual,
627,Taman Sari Buwana,destinasi_wisata,Alam,,,,Google Maps / Manual,
628,Pantai Soan Galuh,destinasi_wisata,Rekreasi,,,,Google Maps / Manual,
629,Pura Malen,destinasi_wisata,Budaya,,,,Google Maps / Manual,
630,Campuhan Antapan Waterfall,destinasi_wisata,Alam,,,,Google Maps / Manual,
631,Wisata Mini rafting & Penglukatan Yeh Sungi Belayu,destinasi_wisata,Rekreasi,,,,Google Maps / Manual,
632,Taman Alas Permata Sari,destinasi_wisata,Alam,,,,Google Maps / Manual,
633,Wisata Eka tirta hot spring natural,destinasi_wisata,Alam,,,,Google Maps / Manual,
634,Vihara Dharma Giri,destinasi_wisata,Umum,,,,Google Maps / Manual,
635,Pantai Batu Tampih,destinasi_wisata,Rekreasi,,,,Google Maps / Manual,
636,Besikalung Waterfall,destinasi_wisata,Alam,,,,Google Maps / Manual,
637,Sade Waterfall,destinasi_wisata,Alam,,,,Google Maps / Manual,
638,Pangkung Tibah Beach,destinasi_wisata,Rekreasi,,,,Google Maps / Manual,
639,Puncak Indah Bedugul,destinasi_wisata,Alam,,,,Google Maps / Manual,
640,New Rekreasi Tepi Danau Beratan,destinasi_wisata,Alam,,,,Google Maps / Manual,
641,Bali SELFIE Sesandan Heritage SWING,destinasi_wisata,Rekreasi,,,,Google Maps / Manual,
642,Pantai Antap,destinasi_wisata,Rekreasi,,,,Google Maps / Manual,
643,Yeh Panes Penatahan,destinasi_wisata,Umum,,,,Google Maps / Manual,
644,Hot Spring Penatahan Kaja,destinasi_wisata,Alam,,,,Google Maps / Manual,
645,Laduma Pinge,destinasi_wisata,Umum,,,,Google Maps / Manual,
646,Belimbing Rice Terraces,destinasi_wisata,Alam,,,,Google Maps / Manual,
647,Pangkung Tibah River Tour_mancing,destinasi_wisata,Umum,,,,Google Maps / Manual,
648,Pantai Batu Lumbang,destinasi_wisata,Rekreasi,,,,Google Maps / Manual,
649,Sleeping Buddha statue Pupuan Tabanan,destinasi_wisata,Umum,,,,Google Maps / Manual,
650,Taman Pujaan Bangsa Margarana,destinasi_wisata,Alam,,,,Google Maps / Manual,
651,Agro Puncak Bedugul,destinasi_wisata,Alam,,,,Google Maps / Manual,
652,Daya Tarik Wisata Jogging Track Jalan Usaha Tani Desa Cepaka,destinasi_wisata,Umum,,,,Google Maps / Manual,
653,Tridatu Pondok Enjung,destinasi_wisata,Umum,,,,Google Maps / Manual,
654,Pantai Yeh Leh,destinasi_wisata,Rekreasi,,,,Google Maps / Manual,
655,Pantai Pasut,destinasi_wisata,Rekreasi,,,,Google Maps / Manual,
656,Saren Kawan Artistic,destinasi_wisata,Umum,,,,Google Maps / Manual,
657,Taman Wisata Luih,destinasi_wisata,Alam,,,,Google Maps / Manual,
658,Abian Kapas Beach,destinasi_wisata,Rekreasi,,,,Google Maps / Manual,
659,Tibu Sampi Waterfall,destinasi_wisata,Alam,,,,Google Maps / Manual,
660,Wisata Petik Strawberry Bedugul,destinasi_wisata,Alam,,,,Google Maps / Manual,
661,Pewaregan puraluhur tanah lot,destinasi_wisata,Budaya,,,,Google Maps / Manual,
662,Air terjun yeh nu,destinasi_wisata,Alam,,,,Google Maps / Manual,
663,Tabanan Banana Garden,destinasi_wisata,Umum,,,,Google Maps / Manual,
664,Objek Wisata Sangeh,destinasi_wisata,Umum,,,,Google Maps / Manual,
665,Mejan Beach,destinasi_wisata,Rekreasi,,,,Google Maps / Manual,
666,Pura Luhur Tamba Waras,destinasi_wisata,Budaya,,,,Google Maps / Manual,
667,Pantai Pasut,destinasi_wisata,Rekreasi,,,,Google Maps / Manual,
668,Wisata Uma Piak,destinasi_wisata,Umum,,,,Google Maps / Manual,
669,TBK Bali,destinasi_wisata,Umum,,,,Google Maps / Manual,
670,Tanjung Kedungu,destinasi_wisata,Umum,,,,Google Maps / Manual,
671,Pucak Kedaton Temple,destinasi_wisata,Budaya,,,,Google Maps / Manual,
672,Kedungu Beach,destinasi_wisata,Rekreasi,,,,Google Maps / Manual,
673,Babahan Crystal Water,destinasi_wisata,Umum,,,,Google Maps / Manual,
674,Pura Luhur Mekori,destinasi_wisata,Budaya,,,,Google Maps / Manual,
675,Pantai Bonian,destinasi_wisata,Rekreasi,,,,Google Maps / Manual,
676,Wisata Spiritual Tirtha Nadi,destinasi_wisata,Umum,,,,Google Maps / Manual,
677,Selabih Village,destinasi_wisata,Umum,,,,Google Maps / Manual,
678,AIR TERJUN TIBU SAMPI,destinasi_wisata,Alam,,,,Google Maps / Manual,
679,Taman Tanah Pegat - Selfie & Rekreasi,destinasi_wisata,Alam,,,,Google Maps / Manual,
680,Pantai Kelating,destinasi_wisata,Rekreasi,,,,Google Maps / Manual,
681,Lembah Mayungan,destinasi_wisata,Alam,,,,Google Maps / Manual,
682,Banjar Keridan Village,destinasi_wisata,Umum,,,,Google Maps / Manual,
683,The Throne Land,destinasi_wisata,Umum,,,,Google Maps / Manual,
684,Air Terjun Besi Kalung,destinasi_wisata,Alam,,,,Google Maps / Manual,
685,Pura Siwa,destinasi_wisata,Budaya,,,,Google Maps / Manual,
686,LOVE RIVE WATERFALL,destinasi_wisata,Alam,,,,Google Maps / Manual,
687,Hutan Bambu,destinasi_wisata,Alam,,,,Google Maps / Manual,
688,Rest Area Pantai Yeh Leh,destinasi_wisata,Rekreasi,,,,Google Maps / Manual,
689,Nuanu Creative City,destinasi_wisata,Umum,,,,Google Maps / Manual,
690,Air Panas Penatahan,destinasi_wisata,Umum,,,,Google Maps / Manual,
691,GHANA Wibisana strawberry gardens,destinasi_wisata,Umum,,,,Google Maps / Manual,
692,Kolam pancing kelaci,destinasi_wisata,Umum,,,,Google Maps / Manual,
693,BASECAMP TSS TABANAN,destinasi_wisata,Umum,,,,Google Maps / Manual,
694,Cocoa Land Bali,destinasi_wisata,Umum,,,,Google Maps / Manual,
695,Luhur Besikalung Temple,destinasi_wisata,Budaya,,,,Google Maps / Manual,
696,Air terjun buwit,destinasi_wisata,Alam,,,,Google Maps / Manual,
697,TWA Danau Buyan-Danau Tamblingan,destinasi_wisata,Alam,,,,Google Maps / Manual,
698,Air terjun sanggulan permai,destinasi_wisata,Alam,,,,Google Maps / Manual,
699,Warung Krisna,destinasi_wisata,Umum,,,,Google Maps / Manual,
700,Pantai Kutikan,destinasi_wisata,Rekreasi,,,,Google Maps / Manual,
701,Centre Point Jatiluwih,destinasi_wisata,Alam,,,,Google Maps / Manual,
702,Subak Museum,destinasi_wisata,Budaya,,,,Google Maps / Manual,
703,Uma Urip Timpag,destinasi_wisata,Umum,,,,Google Maps / Manual,
704,Bedugul Hill,destinasi_wisata,Alam,,,,Google Maps / Manual,
705,Tanah Wuk,destinasi_wisata,Umum,,,,Google Maps / Manual,
706,Pantai Nyanyi,destinasi_wisata,Rekreasi,,,,Google Maps / Manual,
707,The Beach Love,destinasi_wisata,Rekreasi,,,,Google Maps / Manual,
708,Air terjun pangkung tibah,destinasi_wisata,Alam,,,,Google Maps / Manual,
709,Batur Garden,destinasi_wisata,Umum,,,,Google Maps / Manual,
710,Pura Ulun Siwi (Dang Kahyangan Jagat),destinasi_wisata,Budaya,,,,Google Maps / Manual,
711,Pura Yeh Gangga,destinasi_wisata,Budaya,,,,Google Maps / Manual,
712,Big Garden Corner,destinasi_wisata,Umum,,,,Google Maps / Manual,
713,Taman Wisata Tukad Bindu,destinasi_wisata,Alam,,,,Google Maps / Manual,
714,Bajra Sandhi Monument,destinasi_wisata,Budaya,,,,Google Maps / Manual,
715,Taman Inspirasi Mertasari,destinasi_wisata,Alam,,,,Google Maps / Manual,
716,Kumbasari Park,destinasi_wisata,Umum,,,,Google Maps / Manual,
717,Bali Exotic Marine Park,destinasi_wisata,Umum,,,,Google Maps / Manual,
718,Ekowisata Subak Sembung Peguyangan,destinasi_wisata,Alam,,,,Google Maps / Manual,
719,"Bali Festival Park, Padang Galak",destinasi_wisata,Rekreasi,,,,Google Maps / Manual,
720,Pantai Biaung,destinasi_wisata,Rekreasi,,,,Google Maps / Manual,
721,Puri Agung Denpasar,destinasi_wisata,Budaya,,,,Google Maps / Manual,
722,Upside Down World Bali,destinasi_wisata,Umum,,,,Google Maps / Manual,
723,Bali Museum,destinasi_wisata,Budaya,,,,Google Maps / Manual,
724,Lumintang Park,destinasi_wisata,Umum,,,,Google Maps / Manual,
725,Wisata Edukasi Subak Teba Majalangu,destinasi_wisata,Alam,,,,Google Maps / Manual,
726,Sunrise Beach,destinasi_wisata,Rekreasi,,,,Google Maps / Manual,
727,Werdhi Budaya Art Centre,destinasi_wisata,Budaya,,,,Google Maps / Manual,
728,Padang Galak Beach,destinasi_wisata,Rekreasi,,,,Google Maps / Manual,
729,Taman Janggan Renon Denpasar,destinasi_wisata,Alam,,,,Google Maps / Manual,
730,Dermaga Serangan ᬤᭂᬃᬫᬕᬲᭂᬭᬗᬦ᭄᭟,destinasi_wisata,Umum,,,,Google Maps / Manual,
731,Pantai Tangtu,destinasi_wisata,Rekreasi,,,,Google Maps / Manual,
732,Museum Bung Karno,destinasi_wisata,Budaya,,,,Google Maps / Manual,
733,Taman Hutan Raya (Tahura) Ngurah Rai,destinasi_wisata,Alam,,,,Google Maps / Manual,
734,DERMAGA 2 WISATA PERAHU TAMAN PANCING TIMUR,destinasi_wisata,Alam,,,,Google Maps / Manual,
735,Kertalangu Cultural Village,destinasi_wisata,Umum,,,,Google Maps / Manual,
736,Peace Gong Parks Kertalangu,destinasi_wisata,Umum,,,,Google Maps / Manual,
737,Tukad Grodogan banjar Gunung Pemogan | Tempat Wisata Melihat Ikan Banjar Gunung,destinasi_wisata,Alam,,,,Google Maps / Manual,
738,Barong Tanah Kilap - Sari Wisata Budaya BALI,destinasi_wisata,Budaya,,,,Google Maps / Manual,
739,YOUTH PARK,destinasi_wisata,Umum,,,,Google Maps / Manual,
740,Taman Pancing,destinasi_wisata,Alam,,,,Google Maps / Manual,
741,Lapangan Puputan Badung (I Gusti Ngurah Made Agung),destinasi_wisata,Umum,,,,Google Maps / Manual,
742,Pasar Sindu,destinasi_wisata,Umum,,,,Google Maps / Manual,
743,Agung Jagatnatha Temple,destinasi_wisata,Budaya,,,,Google Maps / Manual,
744,Museum Le Mayeur,destinasi_wisata,Budaya,,,,Google Maps / Manual,
745,Pengembak beach,destinasi_wisata,Rekreasi,,,,Google Maps / Manual,
746,Rekreasi Kano,destinasi_wisata,Rekreasi,,,,Google Maps / Manual,
747,Fingerprint Painting Museum,destinasi_wisata,Budaya,,,,Google Maps / Manual,
748,"Mangrove Denpasar, Last Point",destinasi_wisata,Alam,,,,Google Maps / Manual,
749,Taman Tukad Korea,destinasi_wisata,Alam,,,,Google Maps / Manual,
750,Satria Gatotkaca Park,destinasi_wisata,Umum,,,,Google Maps / Manual,
751,CitraLand Waterpark,destinasi_wisata,Umum,,,,Google Maps / Manual,
752,Pantai Padang Galak,destinasi_wisata,Rekreasi,,,,Google Maps / Manual,
753,Embung Sanur,destinasi_wisata,Umum,,,,Google Maps / Manual,
754,Karang Beach,destinasi_wisata,Rekreasi,,,,Google Maps / Manual,
755,Sakenan Temple,destinasi_wisata,Budaya,,,,Google Maps / Manual,
756,DESTINASI WISATA DENPASAR,destinasi_wisata,Umum,,,,Google Maps / Manual,
757,Taman Layang-layang,destinasi_wisata,Alam,,,,Google Maps / Manual,
758,Bali Dolphin interaction,destinasi_wisata,Umum,,,,Google Maps / Manual,
759,Segara Ayu Beach,destinasi_wisata,Rekreasi,,,,Google Maps / Manual,
760,Kintamani,destinasi_wisata,Alam,,,,Google Maps / Manual,
761,Duyung Beach,destinasi_wisata,Rekreasi,,,,Google Maps / Manual,
762,Duta Orchid Garden,destinasi_wisata,Umum,,,,Google Maps / Manual,
763,Patung Catur Muka,destinasi_wisata,Umum,,,,Google Maps / Manual,
764,Agrowisata Tupai Emas,destinasi_wisata,Umum,,,,Google Maps / Manual,
765,Sindhu Beach,destinasi_wisata,Rekreasi,,,,Google Maps / Manual,
766,DERMAGA 2 WISATA AIR KAMPUNG ISLAM KEPAON,destinasi_wisata,Umum,,,,Google Maps / Manual,
767,Taman Agung Proklamasi,destinasi_wisata,Alam,,,,Google Maps / Manual,
768,Waduk Denpasar,destinasi_wisata,Umum,,,,Google Maps / Manual,
769,Children's Traffic Park Denpasar,destinasi_wisata,Umum,,,,Google Maps / Manual,
770,Istana Taman Jepun Bali,destinasi_wisata,Alam,,,,Google Maps / Manual,
771,Taman Dam Oongan,destinasi_wisata,Alam,,,,Google Maps / Manual,
772,Pantai Bangsal,destinasi_wisata,Rekreasi,,,,Google Maps / Manual,
773,Sumber Sari Garden,destinasi_wisata,Umum,,,,Google Maps / Manual,
774,Pasar Seni Kumbasari,destinasi_wisata,Umum,,,,Google Maps / Manual,
775,Mangrove Forest Management Center Region I,destinasi_wisata,Alam,,,,Google Maps / Manual,
776,Kuta Beach,destinasi_wisata,Rekreasi,,,,Google Maps / Manual,
